"Partei_kurz:";"MacBook"
"Partei_lang:";"Apple MacBook (macOS)"
"Partei_Beschreibung:";"Ein Apple MacBook überzeugt durch extreme Akkulaufzeit, nahtlose iPhone-Integration, hervorragende Performance und erstklassiges Display/Trackpad."
"Partei_URL:";"https://www.apple.com/mac"
"Partei_Bild:";"data/mac.png"
"-1";"Branchen- und Windows-Spezialsoftware läuft auf dem Mac oft nicht oder nur via Virtualisierung."
"-1";"In Excel für macOS fehlen PowerPivot sowie Teile von PowerQuery und VBA/COM-Add-ins."
"1";"macOS ist herausragend für Grafik, Videoschnitt und Audioproduktion optimiert."
"-1";"MacBooks verfügen über keinen Touchscreen und unterstützen keine Stifteingabe."
"-1";"Einige MacBook-Basismodelle unterstützen nativ nur einen externen Monitor."
"-1";"MacBooks setzen fast ausschließlich auf Thunderbolt/USB-C; Adapter sind unterwegs oft nötig."

"Partei_kurz:";"Windows"
"Partei_lang:";"Windows Laptop"
"Partei_Beschreibung:";"Ein klassisches Windows-Notebook bietet höchste Software-Kompatibilität, gewohnte Bedienung und breite Hardware-Auswahl."
"Partei_URL:";"https://www.microsoft.com/windows"
"Partei_Bild:";"data/windows.png"
"1";"Spezialisierte Fachsoftware läuft unter Windows nativ ohne Kompatibilitätseinschränkungen."
"1";"Windows bietet vollen Funktionsumfang für Excel-Makros, PowerQuery und Outlook COM-Add-ins."
"-1";"Medienbearbeitung ist zwar unter Windows möglich, der Mac ist hierfür jedoch oft besser optimiert."
"1";"Windows unterstützt Convertibles und Laptops mit Touchscreen sowie aktiver Stifteingabe."
"1";"Windows unterstützt Multi-Monitor-Setups flexibel über verschiedene Docks."
"1";"Viele Windows-Laptops bieten weiterhin klassische USB-A-, HDMI- und LAN-Anschlüsse direkt am Gehäuse."
